Run ID,Episode,Fixed Reward,Threshold Reward,Adaptive (LSTM + QL) Reward,Adaptive (ARIMA + SARSA) Reward,Adaptive (Transformer + PG) Reward,Adaptive (RF + Rule) Reward,Adaptive (LR + QL) Reward
1,0,0.5,0.0,0.8748776879970456,0.17185375046186374,0.05833721821313137,0.0810437012341047,0.28851286564375067
1,10,0.5,0.3,0.4272086653804424,0.5114947837184112,0.3337975416192962,0.3157458322635781,0.38708602950858545
1,20,0.5,0.2,0.4812879602412344,0.39050973773286657,0.3409094395528943,0.31622047751188714,0.4282500105927879
1,30,0.5,0.3,0.6176334055508519,0.39310177064965923,0.38277216121830626,0.21438332612290995,0.5621166526468062
1,40,0.5,0.5,0.4729265697110533,0.36095122506766664,0.3492997295232382,0.24363541601856853,0.5554914917075917
1,50,0.5,0.3,0.48347250556980015,0.4718528084487315,0.3406028169519007,0.2093755820490196,0.49385509270614153
1,60,0.5,0.3,0.5027158002336265,0.39681192782661245,0.3071954723115999,0.2872038597784705,0.5765694724449374
1,70,0.5,0.4,0.45770435381678054,0.48498713444162095,0.30002824212558654,0.1717294996911711,0.5830103903214344
1,80,0.5,0.5,0.4101447416796521,0.44831380330119924,0.28046548566943297,0.24657306120881609,0.420342302577503
1,90,0.5,0.6,0.5035814930126122,0.4356832253902839,0.3014966029530341,0.22183346548779492,0.5627280794606737
1,100,0.5,0.6,0.6141082615329961,0.5000904040914171,0.4324327639493332,0.24803630449968606,0.527235142826946
1,110,0.5,0.3,0.37133488354320826,0.4957846076687205,0.4087960346237466,0.23305283735953722,0.4636003650053633
1,120,0.5,0.2,0.32193748790357846,0.40749749034232474,0.40629786468996454,0.2551064214321191,0.3883383298141173
1,130,0.5,0.7,0.40706811254709657,0.4523095929795525,0.21399503115310808,0.2939083667008281,0.3814725047708373
1,140,0.5,0.1,0.4720091283110001,0.29548310845699555,0.3436905703164745,0.34468398665386896,0.4668473308458473
1,150,0.5,0.3,0.4683473127921438,0.510469290070732,0.283841592916436,0.24120569014619542,0.28340965048016514
1,160,0.5,0.6,0.47793940333157925,0.5863909480909679,0.2842567797608846,0.3371507511862116,0.25440250621519145
1,170,0.5,0.3,0.37034380327563776,0.3744358021040983,0.20980931729628413,0.1814722618909959,0.49762257861699427
1,180,0.5,0.4,0.40262192187740753,0.46865756146825727,0.34714736020784054,0.2627717965383745,0.379419518546928
1,190,0.5,0.4,0.3584975657029241,0.4572452289842272,0.3693090576081402,0.28889706608478527,0.5718619630190928
1,200,0.5,0.4,0.3718191623870311,0.5422675587897579,0.30864161413096125,0.20966084330872495,0.6395978886549754
1,210,0.5,0.5,0.5736790608924146,0.37475387232161556,0.2828300683370427,0.2604127896568617,0.46702568555232504
1,220,0.5,0.4,0.4356122645596291,0.6006782471899654,0.313028271542876,0.25358687274016434,0.42141932321331943
1,230,0.5,0.3,0.5613348240983485,0.555760111803926,0.30972921391222535,0.2522707337100639,0.4973178287119996
1,240,0.5,0.4,0.48337578319518626,0.3981932464154777,0.41712010153278706,0.2010372770528721,0.401615254151498
1,250,0.5,0.4,0.5490366908029622,0.5019538755402542,0.33609353917063745,0.24341455085376854,0.5439690894812383
1,260,0.5,0.2,0.4819834918286137,0.36665418829815843,0.5347966922475567,0.2722394334145094,0.36335166749502434
1,270,0.5,0.5,0.4290061407278971,0.5006902959177579,0.43766566645866484,0.25258167274023097,0.6495190354499084
1,280,0.5,0.3,0.45545489303333875,0.42836048698092666,0.4535770830322499,0.24374332746278116,0.6306906618916173
1,290,0.5,0.4,0.4734829159213888,0.6048914124317862,0.3700519595450905,0.3038218397412917,0.5014761949443118
1,300,0.5,0.1,0.5936164605153131,0.4200232191932223,0.35157719642816126,0.3661104360901842,0.4476755694673139
1,310,0.5,0.2,0.44874029448467806,0.5400245484340116,0.3198025483021417,0.3203153742648274,0.5261919208098443
1,320,0.5,0.4,0.49668474059815626,0.3656258026199197,0.25491486866669855,0.20687077008678148,0.5059592964746017
1,330,0.5,0.4,0.3870744060007161,0.5728276392135554,0.46072631609068937,0.1499380261235983,0.5492204888553072
1,340,0.5,0.1,0.3630334047231612,0.57670539763923,0.413611059355552,0.16655827429635517,0.3375082999554304
1,350,0.5,0.1,0.5574968416550625,0.5622166892266931,0.19165258959449633,0.32951562509222315,0.519361214428682
1,360,0.5,0.4,0.4857960336233799,0.41431655008776025,0.27887669604851856,0.20403394264774227,0.5345613882351408
1,370,0.5,0.5,0.4560412048447479,0.6057898152559533,0.4786498467269459,0.253618345167798,0.4042215603989131
1,380,0.5,0.2,0.4272333281561127,0.5302188662168714,0.5187860085074767,0.2268790732774597,0.46901333436615883
1,390,0.5,0.4,0.5640770466560608,0.4909452558556196,0.39854322646856344,0.29218683905942944,0.5752695217873638
1,400,0.5,0.2,0.5785802715284212,0.44377547237278964,0.2195759452646909,0.2995159966339237,0.7754238413743056
1,410,0.5,0.6,0.5472501399294634,0.5541193192347817,0.27334531840218235,0.2883904225649939,0.6948247177737487
1,420,0.5,0.3,0.6497148288917642,0.5167609421420777,0.32201678789896065,0.18522699348824107,0.6188939224038684
1,430,0.5,0.4,0.4733870671047056,0.615837208737571,0.42268093833105863,0.2766256375546859,0.6253610191654337
1,440,0.5,0.3,0.41929791318419235,0.5226902235874774,0.46215796168247864,0.259543494007476,0.41564460504217104
1,450,0.5,0.2,0.5662582793497898,0.4532238048596047,0.3611938305493002,0.24164679375487355,0.34813395622518295
1,460,0.5,0.2,0.5811920171285919,0.6026847752486275,0.2855933131100291,0.2038580279367253,0.5410041090671813
1,470,0.5,0.3,0.34129472170568886,0.39313137202780774,0.4429570019650573,0.2395191489477119,0.4940974189335642
1,480,0.5,0.5,0.5524582935017339,0.4179503515629725,0.2907596136963257,0.22135293312424675,0.38596527573704564
1,490,0.5,0.2,0.7045992562302074,0.3884382485257139,0.365889015575347,0.2944697516396021,0.4123584380342498
1,500,0.5,0.4,0.3299462175804856,0.4043318575917806,0.33732736360989224,0.1559720414867581,0.5455223318658853
1,510,0.5,0.3,0.29273212910143476,0.50785169291195,0.3013719970237704,0.2600551191470686,0.4442953668409067
1,520,0.5,0.3,0.4523124183038557,0.5028630666868601,0.4379742269712431,0.2758907307055735,0.3971083108950369
1,530,0.5,0.3,0.5319363580526433,0.4838314390835718,0.24799040310788384,0.24244678179033746,0.44398650236412474
1,540,0.5,0.3,0.535198910950419,0.46350960850981854,0.24753699040148872,0.1717182646905775,0.6162843560559574
1,550,0.5,0.2,0.35811849021956205,0.43744163129651276,0.3302231763073436,0.27556942820399655,0.5422764962424078
1,560,0.5,0.4,0.476857247161524,0.4935649030625691,0.3855837480231565,0.24611488075514337,0.4620557681885803
1,570,0.5,0.7,0.48610895307807667,0.49831933474400947,0.29360632544225573,0.3045791942075758,0.5366713643409471
1,580,0.5,0.3,0.6114785312402433,0.6465541823164845,0.32029548712821515,0.18749513179182398,0.482223480225926
1,590,0.5,0.1,0.5456272358815526,0.40716861822213135,0.36043264797292707,0.1533295873642278,0.3111906557515966
1,600,0.5,0.3,0.616794005575404,0.5222803320754211,0.2908623261456975,0.2099385442384846,0.41056181104536255
1,610,0.5,0.4,0.4038636003635365,0.48023083149571305,0.3642135663036329,0.25311233086621904,0.3501953379984045
1,620,0.5,0.2,0.44259608014832513,0.5234124133749811,0.24282185037194015,0.1681381296793162,0.5399227766993941
1,630,0.5,0.6,0.43296848232763174,0.4617170985022713,0.3718550545829274,0.2547809297539368,0.6418427365230308
1,640,0.5,0.2,0.542063287446349,0.451556992554039,0.44240934835806733,0.1938313702239884,0.41849561277231445
1,650,0.5,0.3,0.5825185353427575,0.3241915833347127,0.4431468623781624,0.21452348057963727,0.5312727413576848
1,660,0.5,0.5,0.3060703665203199,0.525099228045389,0.2908368455551426,0.2359981075774539,0.5685609691782341
1,670,0.5,0.3,0.5964755380280246,0.47841161204249827,0.44816335723699385,0.28334332988693184,0.3242772273976612
1,680,0.5,0.4,0.6256665814213418,0.4646997237219132,0.37823298922065146,0.2262397930795837,0.3106957614564747
1,690,0.5,0.2,0.49111925559840036,0.4304096857787433,0.34554781798686923,0.2558994905519935,0.41014283711329275
1,700,0.5,0.1,0.530205979928852,0.6256350288938813,0.2900717267318763,0.35805902275160506,0.3214074177203751
1,710,0.5,0.4,0.45261523569432976,0.5611618888309915,0.31362098469806804,0.25156077313259817,0.39916606947158734
1,720,0.5,0.3,0.6297545992117631,0.5122774206557923,0.26539151159288754,0.2348139604377196,0.47007919967045975
1,730,0.5,0.0,0.616758026165648,0.46651003228017596,0.39682944326611047,0.23190236252530333,0.4778035120827722
1,740,0.5,0.4,0.5262731323055112,0.38546149718816447,0.33525703134497253,0.13768697893566353,0.44522717236099896
1,750,0.5,0.3,0.6767814392696875,0.5141985723386882,0.32471783335613746,0.32187932054379803,0.5271675533474098
1,760,0.5,0.3,0.45791342665527923,0.41913600187491423,0.18478368110577764,0.27523643486590155,0.563561769778169
1,770,0.5,0.2,0.4654281761522987,0.42525526165516025,0.5424339712028271,0.32430902974788134,0.3481480769251303
1,780,0.5,0.0,0.4846289060338632,0.5924666285176121,0.34877653013902593,0.2490620519057682,0.4585405101619081
1,790,0.5,0.3,0.4050466055694648,0.4074643459787328,0.2900217041917846,0.2525636741807456,0.5047997187959765
1,800,0.5,0.4,0.4758506947582026,0.36202872244966267,0.26584784566635034,0.3109746356387296,0.5726482034008001
1,810,0.5,0.3,0.4495349750509243,0.5677720480165525,0.26639939105228577,0.24074847614328446,0.4420343866505643
1,820,0.5,0.2,0.5786775377402392,0.5547631009229038,0.29722231768144647,0.22576928718321415,0.555638321608889
1,830,0.5,0.2,0.5372627418113535,0.44402612206367975,0.3593546320984234,0.2532451608124183,0.4754651517909882
1,840,0.5,0.2,0.5410548078672441,0.2599798622455049,0.29012522264404855,0.1581274104974256,0.5002435497582214
1,850,0.5,0.4,0.3680408448753406,0.46035286614905624,0.5350058583096735,0.20057443453345644,0.43880152710522874
1,860,0.5,0.7,0.32602478092848547,0.3430803471362102,0.3105754216878757,0.22504087669668635,0.6415490400793759
1,870,0.5,0.5,0.5505675267265787,0.6153021409630146,0.44568929152465764,0.21323691525504818,0.5264789839970971
1,880,0.5,0.3,0.4358929963616376,0.5580032507316772,0.4226141212331725,0.18356751329058058,0.6849445648128614
1,890,0.5,0.3,0.33050224761059477,0.5772465874765829,0.35408030553258896,0.23843098656675976,0.6206197573889245
1,900,0.5,0.2,0.5359974951559886,0.45213549614575294,0.18842724266305663,0.15097926918484952,0.5415131223745389
1,910,0.5,0.8,0.5748160648381224,0.6692242773517304,0.32017321854493763,0.1775407927124885,0.478141453345622
1,920,0.5,0.5,0.5800108043164347,0.36044264886385885,0.29893641241193647,0.21274616339039176,0.3392059105881392
1,930,0.5,0.2,0.5615615606198231,0.5688021615184136,0.3884327525608335,0.27062088635908504,0.45737009908332926
1,940,0.5,0.2,0.3855523804681722,0.42321032962488464,0.37543038720381966,0.27075937189364535,0.41618528374478886
1,950,0.5,0.2,0.2693610869996813,0.37747353826024965,0.4224629705464921,0.2591231943698153,0.5554022314837198
1,960,0.5,0.3,0.4339405407149493,0.5718078037392067,0.31913357144653304,0.26239350429925345,0.4951959124262789
1,970,0.5,0.2,0.5445214109358124,0.5567520071079023,0.43564876914928774,0.19494665696856564,0.49076685333691816
1,980,0.5,0.0,0.5061576326923432,0.5921420868854452,0.2890727998342306,0.2618212538902483,0.5856896153012847
1,990,0.5,0.2,0.5087661865804034,0.5393765232712031,0.1792154136394018,0.26789198247113316,0.5461011006537589
2,0,0.5,1.0,0.3582431894172099,0.1637674249376666,0.1917736529757102,0.0940840978265341,0.7873385959382355
2,10,0.5,0.4,0.4558984149016621,0.49975129047427913,0.2490784475804611,0.28049486169499394,0.452614211643285
2,20,0.5,0.3,0.4881095364927145,0.4329528419984031,0.3056092648768057,0.19503773953212405,0.37613359330132745
2,30,0.5,0.4,0.4641166422659252,0.5297431975536059,0.33873609280993655,0.2334451977426438,0.45906817657192783
2,40,0.5,0.3,0.5122398597209489,0.4264663890425163,0.27259720107383,0.2925737487083943,0.45523145578238583
2,50,0.5,0.4,0.6817409970230599,0.36387008530341153,0.29185101606072056,0.16180198862839565,0.44872200976330723
2,60,0.5,0.5,0.43127679921321105,0.43998208374164377,0.2660940675835228,0.227167924260053,0.5014401407128559
2,70,0.5,0.4,0.37286268798999544,0.4747220181878043,0.2954570245051041,0.24688301014086864,0.4439192679403816
2,80,0.5,0.2,0.6490188889666577,0.34347277057549863,0.25550281746755565,0.2502834303985435,0.3585960695636393
2,90,0.5,0.4,0.40879824408897375,0.6006942618039481,0.21012879823407946,0.2196768916775836,0.6258141777839386
2,100,0.5,0.4,0.4777216088141406,0.5432787277173111,0.3132611639565409,0.26856302093309203,0.5826542622606593
2,110,0.5,0.2,0.5333535169654067,0.4341734780086518,0.2761785136634291,0.21431162709644883,0.612585021229206
2,120,0.5,0.3,0.49133908691360456,0.5019045086355157,0.29931172601454276,0.26551624898301074,0.526468604141175
2,130,0.5,0.3,0.444767602475833,0.6499588714311111,0.19472853272501078,0.2880230737703671,0.3865589237208695
2,140,0.5,0.1,0.4026326484450332,0.3002425192173495,0.18707156790020632,0.2670062503413395,0.4147426389451577
2,150,0.5,0.2,0.6069483829918989,0.5022047046351273,0.24205857376079218,0.25594678464638576,0.43238620649222215
2,160,0.5,0.6,0.38501633045932904,0.7068159952996832,0.2560766045869895,0.32282985420169463,0.538856634692544
2,170,0.5,0.5,0.49235440830636445,0.4217015959801169,0.23190479669058717,0.18276095405585818,0.41314117122470284
2,180,0.5,0.3,0.5650182514394094,0.4905653286093541,0.28807984249939345,0.22103308524829327,0.5129846203643794
2,190,0.5,0.5,0.6161327151024374,0.5025961377578174,0.15084053181479956,0.25152327088342297,0.4658765501141254
2,200,0.5,0.2,0.4245074118151212,0.4422089765838838,0.3254736824486887,0.23027415607029078,0.6510006352639566
2,210,0.5,0.4,0.5239672259733045,0.44852844657097524,0.24657248430996453,0.1642935023859676,0.33934800990569153
2,220,0.5,0.1,0.62419446161098,0.554741333156037,0.3549714099809078,0.2845221816357314,0.3106710529009089
2,230,0.5,0.3,0.4542594173837826,0.6174807617794132,0.2740556788156164,0.2693654424364539,0.586160756083917
2,240,0.5,0.5,0.463879490546522,0.4266308306475345,0.24031243479019695,0.2519027010285734,0.700705603424549
2,250,0.5,0.3,0.3081971800965669,0.6021307900673467,0.14944568215374537,0.21741536194980499,0.62734042779565
2,260,0.5,0.2,0.5195816542617242,0.43635207689763833,0.17463435509615313,0.2577726356244245,0.6653963973401785
2,270,0.5,0.4,0.4645821753155081,0.4319614490110199,0.24389738676764283,0.2720353895091064,0.6063737933861001
2,280,0.5,0.4,0.5232555989376134,0.5337095302347745,0.20317106717677275,0.20663870519060817,0.5993060219793008
2,290,0.5,0.2,0.43755895841413606,0.5366638812444577,0.25154038215006896,0.22567076597622887,0.6271727681983149
2,300,0.5,0.3,0.5178614207221313,0.3824481359402702,0.18785187389305338,0.34611644630074123,0.44157518039092897
2,310,0.5,0.4,0.28985056596893194,0.5879458774840276,0.32937932947265997,0.19495654313525312,0.5150507020388844
2,320,0.5,0.3,0.4689402133546146,0.5782376085275841,0.3200102164269393,0.2417944784879052,0.4313053777588799
2,330,0.5,0.2,0.5392509731356779,0.47266414145330166,0.30794034264410797,0.25812867172899656,0.37240129569545377
2,340,0.5,0.2,0.5228883983830805,0.640218607942282,0.16290747683557377,0.25327005170821343,0.5107987200420416
2,350,0.5,0.2,0.36343453745033394,0.5491940642958193,0.25456185028398887,0.2329067913872432,0.5130572954742172
2,360,0.5,0.3,0.5430472602049654,0.44107696344826913,0.22833445408807687,0.2826016525902898,0.5468456872785374
2,370,0.5,0.3,0.4752655063180721,0.5877757698614996,0.21754265930054553,0.32362288234587167,0.4115219304898405
2,380,0.5,0.4,0.3551005361642351,0.40338187658134805,0.20482591424223306,0.19086950214261994,0.4311005482136049
2,390,0.5,0.5,0.51601894166208,0.3900448136791272,0.28643084703841915,0.2791635990698765,0.42385155015802667
2,400,0.5,0.3,0.4834889620336689,0.47359797402706805,0.1907342771455513,0.22796254836137772,0.5119331948581242
2,410,0.5,0.1,0.5533543136340986,0.4306072575872252,0.27986361703677687,0.28355140387526234,0.49322311570379807
2,420,0.5,0.5,0.42227975794320205,0.33919163559511134,0.26972262222430987,0.19380738278810256,0.6483943314638131
2,430,0.5,0.3,0.5183087977229729,0.38421822314561355,0.252512429283843,0.32345867383115007,0.4318214340257551
2,440,0.5,0.3,0.5104448916625023,0.5464723571020264,0.3157337943315073,0.2944987272059276,0.45393549208805395
2,450,0.5,0.4,0.3884194578654958,0.4458784625243477,0.2966576995807276,0.2767154337845266,0.5476677680144332
2,460,0.5,0.2,0.4655131337017794,0.5067468295370995,0.337454642693092,0.2760811161541049,0.4552527527935106
2,470,0.5,0.4,0.5153066327708182,0.6720663643614626,0.2841277803257817,0.2693566019037901,0.44165725491285707
2,480,0.5,0.4,0.6696682125999527,0.22923376782557855,0.19027103785444083,0.25093223511203455,0.550575134788384
2,490,0.5,0.3,0.4332211875263045,0.4827507386290494,0.22479959830775886,0.2272072999359276,0.5930004786071117
2,500,0.5,0.2,0.4586329269622672,0.5092557242358728,0.22380894248340732,0.31004738562309375,0.61574173128721
2,510,0.5,0.6,0.4852832960987955,0.3379837045480599,0.20634063399393615,0.29831295372846023,0.4417459595313809
2,520,0.5,0.4,0.3784879693328222,0.49755235986609014,0.22925244753865556,0.19121351877772813,0.4972322526308971
2,530,0.5,0.7,0.46805744526770476,0.40237732522613906,0.22068867296978173,0.2036674587885879,0.6008999220005311
2,540,0.5,0.2,0.5252732812451217,0.43256329207641847,0.26129814968093706,0.24855811040779902,0.40212379959057787
2,550,0.5,0.3,0.4815849750809056,0.4575805608297084,0.24414733939797154,0.3082375105739064,0.47513573867663883
2,560,0.5,0.5,0.33081542515664275,0.45614783651219837,0.2015789555331764,0.2321049037419352,0.563401631707414
2,570,0.5,0.5,0.48949901796577044,0.4804462242443989,0.18096782728130578,0.38697686444420065,0.30592063388353585
2,580,0.5,0.2,0.4459112470725433,0.5627787292104943,0.15607398220270247,0.21247698492676886,0.4574500325821009
2,590,0.5,0.2,0.39151227515226783,0.5239581459269927,0.23944981745440383,0.20394315884348618,0.4101964832060595
2,600,0.5,0.1,0.5537097861050043,0.4079919985897974,0.25986458361068315,0.26212235440500686,0.6215891009009554
2,610,0.5,0.0,0.6332015574468308,0.38848724392149364,0.29677648912654553,0.23314870837858245,0.4720084276144534
2,620,0.5,0.2,0.23251709506379453,0.5381801415642611,0.33269393745304165,0.2580334858109491,0.33659492717920003
2,630,0.5,0.2,0.7233054901862577,0.40904822667298457,0.310659691416048,0.2454076999467401,0.5987482692368017
2,640,0.5,0.6,0.5070384325000227,0.621849997321526,0.21379099818477965,0.273478075923704,0.4141093009490576
2,650,0.5,0.4,0.5881567585396754,0.6965466412533499,0.16766857315257178,0.2835475788872157,0.5170396815867018
2,660,0.5,0.5,0.5353973818334431,0.47427856556776327,0.355837926315931,0.2928683817857547,0.40813395167593375
2,670,0.5,0.4,0.6427943547663795,0.3910370247092413,0.2468638423599498,0.23673149019873718,0.43498870810142476
2,680,0.5,0.4,0.4582627282894654,0.5739622286383407,0.1491374065646661,0.25713386173661396,0.46082362544495137
2,690,0.5,0.4,0.4438391844441929,0.37152342950540684,0.23885166767707527,0.21537061177113834,0.560472547555373
2,700,0.5,0.4,0.596759307918969,0.6305931087224421,0.2181821152646437,0.2227608316586557,0.5472782731895561
2,710,0.5,0.7,0.4971409475381917,0.4098304356961047,0.2982858646621803,0.2650414739240362,0.5194728486078686
2,720,0.5,0.4,0.4590025713776507,0.5010040096204201,0.1505068518106219,0.2136734008553151,0.6152919729125587
2,730,0.5,0.5,0.5616437096609288,0.5188806528928048,0.2746863427056655,0.3325215484339821,0.5838446568600462
2,740,0.5,0.2,0.4794050412598006,0.3196410016241013,0.3036358909292961,0.17990534204811465,0.4774592155685727
2,750,0.5,0.2,0.4950830050506264,0.4825939979800862,0.20839573588068888,0.25973983677950574,0.4300045899324287
2,760,0.5,0.2,0.5426544529780302,0.4011423626994185,0.11684519752581586,0.21511494289894334,0.33646704969062446
2,770,0.5,0.0,0.3477326415600889,0.4097898299473915,0.38113483385884034,0.29394806030106196,0.5007376931593515
2,780,0.5,0.4,0.4992540674820776,0.4979523173648146,0.18621157531246105,0.2232805541172846,0.2824276705484009
2,790,0.5,0.4,0.5630581766567414,0.47865437664404614,0.2369474576151739,0.2184044688241357,0.31156428365122535
2,800,0.5,0.3,0.33504164126064745,0.5182577014630358,0.2663262467237999,0.3685659113647407,0.41453700370083546
2,810,0.5,0.3,0.5242612070019911,0.38255281253816176,0.3253409555142302,0.2567719469480393,0.41146150174027174
2,820,0.5,0.2,0.5849960326491629,0.4421919442001373,0.177647916275327,0.2343308511681804,0.49189553226466887
2,830,0.5,0.1,0.31770849736075774,0.5180205179783389,0.2768965916268608,0.24341491069525603,0.6134902239784095
2,840,0.5,0.1,0.5478182303160039,0.47902389094886527,0.1622192553033804,0.3001670735916449,0.4764283461644978
2,850,0.5,0.6,0.4075386477769,0.5455714510680715,0.2883237732436218,0.2337770691670224,0.5541977268720831
2,860,0.5,0.4,0.5505727942053464,0.3940512030863203,0.29942566333700577,0.1899070323190847,0.4365049122028285
2,870,0.5,0.1,0.4175432902037547,0.5350419055312737,0.23197951841157577,0.309802037662089,0.5405832304257452
2,880,0.5,0.3,0.366530190987836,0.5808153598552545,0.2704899517859092,0.21605287634081433,0.47729832123870486
2,890,0.5,0.3,0.5309916001185229,0.44156739735923206,0.26232181888770256,0.19101822451551226,0.258976551240527
2,900,0.5,0.4,0.5448742457862632,0.3096778588393405,0.20791805517801282,0.2511449532068534,0.4309728606225722
2,910,0.5,0.5,0.5144386037997456,0.5973908402715808,0.20346286756034648,0.23287090145201494,0.4698684650479977
2,920,0.5,0.4,0.63695394281994,0.5752604725207096,0.28421787079444344,0.2914023226991782,0.4266820011487952
2,930,0.5,0.3,0.6085632627491827,0.41006731938137964,0.33244977820973387,0.32847254494511924,0.47175904067434055
2,940,0.5,0.4,0.4963654941857839,0.4730193886493126,0.2802090636569482,0.27194633073419927,0.6000740493172422
2,950,0.5,0.4,0.35083447374019305,0.4661811444395534,0.1961877563972529,0.23943019930691495,0.5808247551756771
2,960,0.5,0.3,0.4411065847644042,0.35514884816142034,0.295683701475672,0.20694243782238453,0.518593455810201
2,970,0.5,0.3,0.5367309234873879,0.4586138469252933,0.26527137553676716,0.25193514321250804,0.26634115496186317
2,980,0.5,0.2,0.511779185727206,0.5476135309117532,0.2706303325356266,0.20082440404592225,0.4965612569839112
2,990,0.5,0.2,0.5822034915224673,0.4887038814419772,0.12381069507139535,0.2207412348821689,0.4616020117983964
3,0,0.5,0.0,0.3683304191082326,0.9600159728854007,0.01547309548429654,0.23299438812994938,0.20519477535077996
3,10,0.5,0.4,0.6175436406047865,0.587703027876584,0.38162132046255526,0.2594014691140702,0.42816929865872666
3,20,0.5,0.4,0.42415414462130663,0.49896250119337726,0.3114534601518474,0.3157097850023575,0.4391179458023805
3,30,0.5,0.4,0.5747766018009235,0.3288637324511451,0.3431487536361316,0.2070442060889893,0.5239019783375076
3,40,0.5,0.2,0.29724204595613163,0.48968095397847833,0.2916362619079381,0.23527602441822243,0.5943047924343865
3,50,0.5,0.5,0.512323382225347,0.28576084121724776,0.3127429271355549,0.23498299224735794,0.4256017711733562
3,60,0.5,0.2,0.4446517861995674,0.46567673890768974,0.3688318358787423,0.21596566227445552,0.4086067504716714
3,70,0.5,0.2,0.67894801759133,0.47369741856974706,0.4242231263210231,0.20617337058925883,0.4612554852383659
3,80,0.5,0.1,0.4089814739126824,0.6352409114980555,0.2037246836694294,0.29947108521915433,0.484499869538148
3,90,0.5,0.5,0.47914867308324993,0.6639181485395256,0.3035385884008395,0.24687265505145195,0.49280541946421136
3,100,0.5,0.5,0.4632625337181112,0.4733344157909312,0.5809607770180923,0.2856739157957323,0.34834634776344414
3,110,0.5,0.2,0.4659674526044717,0.5512049219444809,0.2230028172218536,0.20039998504835638,0.6131167699342452
3,120,0.5,0.4,0.41607868019772765,0.5743043176433364,0.3657338835440289,0.20219607225487976,0.603319202021562
3,130,0.5,0.5,0.5835819478151065,0.5343787099645823,0.26914931186795316,0.32103091308685544,0.648900928986387
3,140,0.5,0.2,0.3293356883022504,0.44133022813376543,0.2798951431084792,0.17755798264390857,0.5006073087007991
3,150,0.5,0.4,0.5179499262062068,0.5259825823435036,0.26974061817914385,0.21906352395054435,0.3972178639196457
3,160,0.5,0.4,0.42384138473491995,0.47780044681766637,0.29555119387806894,0.2667313903157601,0.3549255996589925
3,170,0.5,0.2,0.2757052644159472,0.3803490625105443,0.3468738838509299,0.33014839749900265,0.4870348562409836
3,180,0.5,0.6,0.5675603741969145,0.3991336343499407,0.3001063272765648,0.3149219685122458,0.3898781916719224
3,190,0.5,0.4,0.40560705308319545,0.44238248701805727,0.3750570084451657,0.26061746316268397,0.5440099786331017
3,200,0.5,0.4,0.5557466509423008,0.3880059692786122,0.24619833167801414,0.2789816990450816,0.5164087192128057
3,210,0.5,0.4,0.4288442491697668,0.47307850715222194,0.35315428509193675,0.21570818321218538,0.5937109531294233
3,220,0.5,0.6,0.5063930325172931,0.5284402591394639,0.5086567797111149,0.3028495671882802,0.586990607012728
3,230,0.5,0.4,0.40256842013455885,0.34401016107352006,0.22552253314025267,0.24490018268660102,0.3867026703690547
3,240,0.5,0.5,0.30681396228910335,0.44554083677321127,0.2136396343466737,0.2272833947025168,0.6896036539295156
3,250,0.5,0.2,0.43292332426547314,0.3967891696667711,0.42795254116716774,0.2503412785533607,0.427040841851911
3,260,0.5,0.5,0.3812418789651498,0.4687376721998179,0.29785472868744906,0.19987857353772046,0.29485748646178866
3,270,0.5,0.3,0.43042168200985753,0.5341544728460345,0.29465806341818435,0.25487533266836715,0.5387384507372107
3,280,0.5,0.2,0.3641425454880934,0.49859711023448794,0.2894162411876741,0.3163830508096208,0.5585282324940869
3,290,0.5,0.4,0.4844718644323425,0.4127675006434144,0.4693560088949441,0.25787651573650505,0.5543189037434435
3,300,0.5,0.2,0.5689660815409656,0.5406927543137963,0.4936123900731114,0.19970226152238588,0.3461374241161667
3,310,0.5,0.6,0.5218671340767411,0.3467340725136042,0.35275850900151207,0.2795246428556782,0.5267990571754554
3,320,0.5,0.5,0.630551217431729,0.3373346951855935,0.3393329645516202,0.29195088328332863,0.41406308244594464
3,330,0.5,0.1,0.44567379977535093,0.5867325600268448,0.3156699171028431,0.2767165091852472,0.3246950239662126
3,340,0.5,0.3,0.47504203046643073,0.5224359086915377,0.20712942614503915,0.2711231667027939,0.4893064328728897
3,350,0.5,0.1,0.37779365385366426,0.49914157988570906,0.3793707299791001,0.2602655427034004,0.6149111200586865
3,360,0.5,0.5,0.45114514940282185,0.38961091634851786,0.3641227997487636,0.2506527426765687,0.5779229748255197
3,370,0.5,0.2,0.469703130049964,0.4862689839296005,0.43349651610273215,0.2443752545316283,0.559383478807173
3,380,0.5,0.0,0.4530108128800833,0.4605759848291783,0.41773492313983196,0.2208869896317331,0.5328301556873196
3,390,0.5,0.1,0.4472992549931222,0.3628626945475766,0.32498097337412674,0.2617141134272402,0.45082618131861585
3,400,0.5,0.5,0.5351957879267916,0.5860410251002981,0.4034071566228697,0.20571778400877902,0.3937710320333741
3,410,0.5,0.2,0.4852967045763202,0.3585794179471253,0.2844914405920314,0.2410135418725632,0.3879037809354661
3,420,0.5,0.2,0.5787399587624831,0.35448919090070347,0.3558839770852064,0.20842450136809929,0.5954218118986185
3,430,0.5,0.3,0.5335708709413487,0.5846219355602317,0.3801505735388623,0.27071314694538706,0.39790327435242356
3,440,0.5,0.4,0.3883972435873586,0.6683554889647467,0.3384571225198339,0.19541215142766633,0.3618304395965516
3,450,0.5,0.0,0.4414780187288585,0.47808317570897413,0.2868620351996344,0.2780281737991977,0.4116601267540897
3,460,0.5,0.3,0.39259584927532354,0.5369641745766718,0.32407304202052617,0.25004994745200204,0.3963147123904861
3,470,0.5,0.0,0.44264813781785933,0.515611415796992,0.35550477253315027,0.19790308622504516,0.3804455638978474
3,480,0.5,0.4,0.48013045714356617,0.5297828874561025,0.3425342616836557,0.22085778458174654,0.6009760613479361
3,490,0.5,0.1,0.5309406319046284,0.4077315452636908,0.24540896097092074,0.2980285410671146,0.4525243919783116
3,500,0.5,0.2,0.32517379320142636,0.668194650314347,0.35859984450265375,0.22957036086798094,0.4067059235395815
3,510,0.5,0.2,0.481349254075949,0.5273614413807286,0.29696852678521657,0.20601035485924238,0.4114167693150924
3,520,0.5,0.3,0.3870142350804858,0.43716587092243603,0.3893411130398939,0.25601252124024115,0.4948399691324732
3,530,0.5,0.4,0.6341461352252221,0.36705689014065673,0.4715742257732776,0.2908556131774616,0.4261813452602315
3,540,0.5,0.5,0.6639457956728098,0.5695537994321781,0.3889377831484341,0.2189132949524557,0.4125308559727017
3,550,0.5,0.3,0.582867803481509,0.47094136751163634,0.27783804715224925,0.19960510660085412,0.47359604337957695
3,560,0.5,0.3,0.4282205320033058,0.38354156183121424,0.34644009324898273,0.2861919062931299,0.22322233497832364
3,570,0.5,0.6,0.25334488368103253,0.4874767729391804,0.4547761624044422,0.20457884964012338,0.4833441964428323
3,580,0.5,0.3,0.4363177739073388,0.46609340605498817,0.5100256591813364,0.25337220383595593,0.551583422997979
3,590,0.5,0.2,0.4560107178386718,0.4202197937970175,0.33738766005335774,0.25705820153517644,0.5373329991494793
3,600,0.5,0.4,0.530002884460983,0.4613403947970768,0.3196073467386053,0.1948776243222714,0.2500259716694494
3,610,0.5,0.4,0.3913416145465559,0.522433829125357,0.28233470479512396,0.2446432263078496,0.4166086484964563
3,620,0.5,0.4,0.4998081567890895,0.4728131341728326,0.30614780076119114,0.22834868880697315,0.45257895727873054
3,630,0.5,0.2,0.37866624083075506,0.6843029894017267,0.18729899860002885,0.2793534414971967,0.5389851111631789
3,640,0.5,0.4,0.5679893488031033,0.49538643869753834,0.6489023137371829,0.18530244445009506,0.38020847217613324
3,650,0.5,0.2,0.45997192310847057,0.2810634150940988,0.37546467291316626,0.2708266151392185,0.4050982092071189
3,660,0.5,0.2,0.4843882333461645,0.5689544141231614,0.4859809380467047,0.2923719172071854,0.6720438572982178
3,670,0.5,0.3,0.48436411819649317,0.4848437261453224,0.4021702446433976,0.28645356377160874,0.5633491430170705
3,680,0.5,0.2,0.38358972153131,0.5029737105253631,0.3641831569918146,0.24443780662356768,0.5455612654333335
3,690,0.5,0.2,0.5073117202808091,0.5437455468384904,0.3288020857470852,0.25231994848242245,0.620736468823792
3,700,0.5,0.4,0.35274655455468007,0.5041588654665567,0.403354668429979,0.24424616072606042,0.5372368403667321
3,710,0.5,0.5,0.23425546655934543,0.4975075091555959,0.36270546909651863,0.22950350341459935,0.43475267226763964
3,720,0.5,0.2,0.40901113686435914,0.44251482047562607,0.3715922204633467,0.19834331070628858,0.5095370866450286
3,730,0.5,0.4,0.5083253598931536,0.36434810075556606,0.33823038547234524,0.16484474179949551,0.3279034654154396
3,740,0.5,0.2,0.33621334933474667,0.5289156206257002,0.30829510956178074,0.2526753775748742,0.6831155660696452
3,750,0.5,0.1,0.4631534324834784,0.4123904361318328,0.30436335764761224,0.3135458771003322,0.36669733228548806
3,760,0.5,0.4,0.569700224476988,0.45446890418690994,0.4856651210080612,0.2603128465449035,0.5509545228561474
3,770,0.5,0.3,0.2747136504712125,0.5978543743005308,0.42653375087627865,0.27329317646856205,0.6217506124473574
3,780,0.5,0.0,0.3486253823120646,0.3773570376790242,0.2772280118271499,0.18474557950343337,0.39429716275908705
3,790,0.5,0.2,0.6332482082633952,0.465081386902608,0.2721069478244272,0.22391628655452997,0.31694829634081606
3,800,0.5,0.3,0.46563146158206087,0.5122943198756078,0.31363630101083323,0.21735970852955683,0.6383070532445458
3,810,0.5,0.3,0.4802949768938175,0.5379741944993477,0.2971052535774044,0.2605194807642432,0.5477817295842693
3,820,0.5,0.4,0.594396514092266,0.4028216049283844,0.344302145458611,0.2077678424856299,0.4462314950285773
3,830,0.5,0.4,0.363520704520285,0.4773844715964752,0.27098072072515095,0.2903626832288912,0.36820966345471506
3,840,0.5,0.3,0.584462009230472,0.4971473459251422,0.35135094627127034,0.26038331611211013,0.638441017528476
3,850,0.5,0.2,0.3548289208313419,0.32347058485756125,0.4251724576601875,0.2072888134912239,0.36293428323594
3,860,0.5,0.3,0.4202131342127415,0.3457808216531383,0.3326195549948371,0.2466144467490854,0.5410611790035509
3,870,0.5,0.4,0.5200567009284593,0.5414638898081796,0.3179759779627813,0.15822241533024398,0.45792181991192127
3,880,0.5,0.5,0.46537325709403216,0.4152760445360685,0.3769873582720346,0.18644895084679983,0.47557868787742735
3,890,0.5,0.2,0.2301629864467681,0.5457740314403847,0.28174306622266043,0.2848715374143331,0.46315519843997716
3,900,0.5,0.4,0.42579184606227544,0.3781835479832921,0.22189526959310024,0.20707587982658193,0.4527686781007632
3,910,0.5,0.3,0.4497479574368041,0.4299410781418288,0.40715662958436083,0.20348809414113084,0.32884731684735125
3,920,0.5,0.3,0.3990459471289017,0.32257789770540846,0.33615328166170994,0.23544852725739882,0.6702204786903042
3,930,0.5,0.3,0.4495197429421518,0.5417941320660264,0.48319790649224925,0.23056860976071286,0.37008678980921306
3,940,0.5,0.4,0.4321184954757918,0.3679001845925217,0.30756059584104917,0.24584835885788606,0.623410456304193
3,950,0.5,0.3,0.6100588077036133,0.5459272060682435,0.3132845098525377,0.27833703176283453,0.34943377854160235
3,960,0.5,0.3,0.6178794593964074,0.6868172389135669,0.3093884788853444,0.30907455991448546,0.5656459947971358
3,970,0.5,0.1,0.4317119405809713,0.5795021294581354,0.2828105675460647,0.2980497985857548,0.2877091826098094
3,980,0.5,0.5,0.4983935810239225,0.3786706833472363,0.23371909455803586,0.26130494702006213,0.45678098042605864
3,990,0.5,0.3,0.5089202952840356,0.38626991085477036,0.28411515803045,0.21655849011373318,0.40806142040212157
4,0,0.5,0.0,0.8223368020963904,0.6030702496915566,0.07476808406351099,0.10003067814172606,0.5410465450038537
4,10,0.5,0.1,0.4769737170231484,0.47051086766516337,0.2683518315067948,0.2425497602588778,0.5237999668240956
4,20,0.5,0.6,0.3618402446055085,0.3868197977739544,0.2709162147948686,0.26824028673865075,0.570435499842419
4,30,0.5,0.2,0.3464853080792406,0.46454415230243795,0.3746604450527233,0.2671836876101103,0.4309891232365852
4,40,0.5,0.4,0.47476621212307507,0.7275324145755171,0.23471176926670162,0.22418128345689686,0.46963874212234147
4,50,0.5,0.3,0.5626346665804929,0.5468888349932423,0.40063186198635214,0.21626092788835014,0.43173905549264857
4,60,0.5,0.4,0.41853472287197596,0.4441089659100112,0.3099289036894242,0.2460512849970032,0.3952645767500444
4,70,0.5,0.4,0.3974306858846096,0.5502198573484689,0.23663701533441622,0.27215590536800854,0.2595208577219933
4,80,0.5,0.4,0.42278061485266843,0.5123788209125794,0.21600417597053867,0.20277107389441462,0.4379434827603328
4,90,0.5,0.4,0.5746773927663609,0.48803873120743957,0.3945862898330275,0.25432480225948423,0.4104755260960643
4,100,0.5,0.4,0.3400265972643263,0.47385056008326076,0.24355299225717028,0.1857394439107965,0.7047829352863298
4,110,0.5,0.6,0.6007665503078121,0.3487150819555179,0.3681675944832692,0.20619134351795348,0.5440841671145796
4,120,0.5,0.1,0.45512952341969104,0.6426013688563346,0.3177178934142059,0.2213059704039985,0.6372391398317274
4,130,0.5,0.3,0.5798756016925589,0.5557952567284955,0.3906677295026353,0.274658945752785,0.576001666008991
4,140,0.5,0.3,0.310520348282936,0.3923033821815716,0.2510913600343299,0.28514179732220324,0.5049886195481323
4,150,0.5,0.1,0.29352934026321564,0.48194143134087153,0.34424807517760525,0.19266965538886724,0.4795637566805091
4,160,0.5,0.4,0.3543947437240918,0.47857159739207206,0.44456184114698055,0.227591414448099,0.47939573812881475
4,170,0.5,0.1,0.5139239077091229,0.4640924116903903,0.4044465780113768,0.20961324294864375,0.5176319418604789
4,180,0.5,0.5,0.4118208162200544,0.5521173383913774,0.2514697837183986,0.2896269393482043,0.577629768586491
4,190,0.5,0.2,0.34498330720960335,0.5618996440943048,0.2230510509140732,0.2889442497408769,0.4170187346994948
4,200,0.5,0.0,0.6233040383917146,0.5316545496477693,0.45803273074943973,0.2832248758308179,0.45947056549864024
4,210,0.5,0.1,0.52909616400282,0.6315571347272908,0.43680513081264066,0.2342759763868596,0.37303767016584277
4,220,0.5,0.4,0.5629847366730361,0.3870076916873672,0.30386096168887844,0.2819244099547097,0.39043463546160206
4,230,0.5,0.5,0.5443507120027634,0.47145251584226877,0.2516736786405992,0.2165291225593243,0.4420174218151602
4,240,0.5,0.3,0.49036781986429434,0.5708869571496498,0.26796542453913846,0.15956352898099796,0.3389829771639392
4,250,0.5,0.4,0.4363253198904918,0.43027298089435534,0.2673965217570903,0.2826343584580143,0.34998889921215964
4,260,0.5,0.1,0.405112980535567,0.5575500886007946,0.21602655904348475,0.2203154650416721,0.41233779520084257
4,270,0.5,0.3,0.4483098290954503,0.2809917339940358,0.3632544851016774,0.23760098968350934,0.525213741122446
4,280,0.5,0.4,0.5317643664909446,0.6178394478322697,0.285432497096193,0.20351150778038307,0.5109228451826568
4,290,0.5,0.3,0.6414481967875665,0.6614251287489468,0.3247076409666977,0.3763010019705074,0.3577864882449491
4,300,0.5,0.2,0.34637777357849286,0.43008061428300987,0.22028922949466323,0.30371961674549486,0.40153995248828717
4,310,0.5,0.5,0.38819518281279575,0.38308355293522184,0.3638977324764031,0.25031886777259243,0.5412474826803992
4,320,0.5,0.3,0.4817110889004847,0.35113706014423796,0.24618755112846075,0.2625212374707019,0.3866613732628627
4,330,0.5,0.1,0.5258803534632344,0.5610703546376481,0.4661228645608463,0.2078932103878695,0.40052080376924976
4,340,0.5,0.2,0.5067566291671264,0.532484853901989,0.23461652870263033,0.18955891763106744,0.3914150493770622
4,350,0.5,0.2,0.5912070347361952,0.5751760956200557,0.23069138984871956,0.24969606839232789,0.6300819042418608
4,360,0.5,0.1,0.6235339454066838,0.48876778020884215,0.3196286342661106,0.24434548832164554,0.46973110621972103
4,370,0.5,0.2,0.3743399367961248,0.4450969036481928,0.30658437651128617,0.2768568270231574,0.5308061975066396
4,380,0.5,0.2,0.6430900476179559,0.4771586408360064,0.3005721751141899,0.29291365582867535,0.5616703822229843
4,390,0.5,0.4,0.47897418891645965,0.5204002772935857,0.2828111711564314,0.2607009073757734,0.5029224503449072
4,400,0.5,0.4,0.4887707513705034,0.5185528871330813,0.2942338992046353,0.2827536410821428,0.5233258271281598
4,410,0.5,0.3,0.42043972950456227,0.5538892054602419,0.2635305192503434,0.2706578370902722,0.5378158258768609
4,420,0.5,0.3,0.4962208018163328,0.42687040041686924,0.2313914034734324,0.3003591845896656,0.5798829078362693
4,430,0.5,0.3,0.3585736068677233,0.5031712223254565,0.2838459588049814,0.23005993423768517,0.563888864611736
4,440,0.5,0.1,0.6134813797957881,0.4840670123851066,0.3044998122635762,0.1981313362623031,0.4979910461709106
4,450,0.5,0.2,0.41423030484718903,0.5336617437776976,0.38955678939960425,0.24416816094385085,0.4728787602948924
4,460,0.5,0.2,0.4151309937098686,0.35082332836668295,0.2710360583587525,0.28520506550166985,0.34867077632286375
4,470,0.5,0.5,0.3200169337789289,0.4362419515206069,0.30975017863092064,0.3005765262399755,0.4656225277460447
4,480,0.5,0.5,0.4135477391119308,0.3214875753389467,0.3275687759532466,0.256438312028675,0.43901294159346643
4,490,0.5,0.4,0.4434934925767573,0.4493030095573694,0.28870317360418296,0.28764574806947424,0.4878238552467423
4,500,0.5,0.2,0.2902195514097049,0.6445207369480299,0.26991029833903635,0.30397167531182573,0.521846922109402
4,510,0.5,0.4,0.4594821294141738,0.5565390763066891,0.2921132871573453,0.2586918723502805,0.5498602726013309
4,520,0.5,0.0,0.47834779614825196,0.5151046724532332,0.2788944034513322,0.25348906356328815,0.43503456499669924
4,530,0.5,0.3,0.523074445779895,0.5913949352989986,0.297669323964863,0.2835921971417312,0.5091537088436244
4,540,0.5,0.4,0.4958516654782027,0.457964295906465,0.305613321931652,0.29721998771951763,0.5358529656351139
4,550,0.5,0.2,0.47906835183444524,0.2301956566083357,0.2779008794743774,0.29317744936881035,0.33486030274665907
4,560,0.5,0.2,0.5223409234900662,0.6549731019819304,0.2988483014149292,0.2637666505535521,0.5402509003454691
4,570,0.5,0.1,0.3764744251559971,0.42602400931686574,0.4444591174420013,0.25569824447762346,0.41312461772289294
4,580,0.5,0.6,0.6432982551214642,0.528922381442772,0.3146060172692781,0.23292616364658633,0.521302440689684
4,590,0.5,0.3,0.6005776466891034,0.5100572351965705,0.35134878157741234,0.2509080826821928,0.495077183446856
4,600,0.5,0.3,0.4947199420824432,0.49434247120820574,0.4228473280405966,0.2576871611714545,0.5446475391869621
4,610,0.5,0.3,0.3237213723961928,0.4226610829761327,0.34112167100860213,0.30179051858947314,0.47268474228816004
4,620,0.5,0.3,0.4570157543301855,0.43673452353805836,0.26706656794301786,0.23742681488246853,0.591384419627516
4,630,0.5,0.4,0.5901031679165756,0.4002458852028273,0.2229407816894966,0.34489699693047793,0.43760945133507345
4,640,0.5,0.5,0.4857516228988768,0.4191015835002784,0.3248231389691531,0.3225586434858404,0.5546172028646177
4,650,0.5,0.7,0.5994946626823079,0.41764879471201855,0.2323758945458126,0.23450093717995787,0.5933473815659278
4,660,0.5,0.4,0.40259990886382646,0.5713025015972873,0.21932301475606625,0.2853997409741947,0.4119660441840815
4,670,0.5,0.2,0.5065089395507478,0.508918543454627,0.36785179431618376,0.263597640751922,0.4501312690912439
4,680,0.5,0.3,0.5483952888006767,0.2778180377271507,0.14662744952222778,0.24147408259562134,0.5305200729395705
4,690,0.5,0.5,0.4152370357064249,0.550203183544741,0.3777184565521763,0.2464872673438377,0.5764370003534165
4,700,0.5,0.5,0.5173785307407739,0.4190248220392462,0.2388939644798566,0.24261273289730148,0.5117213172901134
4,710,0.5,0.2,0.4609442983201032,0.43965016902721654,0.35661210733288196,0.2435563558438218,0.4915047990799393
4,720,0.5,0.4,0.6518776826284628,0.5112775230314863,0.25713963204048296,0.23389150523899277,0.5100006980773768
4,730,0.5,0.5,0.4797637972742739,0.5294847218802301,0.31570941590333823,0.25326664726442977,0.6573974677367941
4,740,0.5,0.3,0.43860895581121806,0.4868210894438838,0.3551790918107625,0.2769644502009979,0.573605000598528
4,750,0.5,0.4,0.5026831160728659,0.5160802625728198,0.20263519764275628,0.25328730291641116,0.295509279474893
4,760,0.5,0.3,0.5821533887533888,0.5188415757270904,0.3729855909965096,0.14901422581078907,0.45817185225540225
4,770,0.5,0.5,0.46960068655193365,0.3552201768277491,0.24061817225778062,0.21549249626704708,0.5233989120599483
4,780,0.5,0.5,0.5568979641643554,0.3928852305983379,0.3086259537229515,0.2880857665977589,0.4596158056589312
4,790,0.5,0.5,0.5242938622267161,0.6368890394594345,0.33976460821366083,0.2708877623697469,0.40701819551627755
4,800,0.5,0.3,0.6310015454453917,0.4166186128001148,0.3415600837055214,0.19262695245055653,0.5852500039593646
4,810,0.5,0.4,0.5243810304442553,0.47526888807427736,0.2192834926738966,0.22306933097173354,0.6504669226895043
4,820,0.5,0.4,0.3995306617801534,0.39746454188013536,0.18441843621673115,0.1884548572683912,0.5070491829070578
4,830,0.5,0.4,0.31497746875791943,0.6392034898212955,0.4167065714958474,0.2759610925977423,0.6058919121031758
4,840,0.5,0.3,0.45706621735721387,0.6022010944160427,0.23518357708213458,0.22035106507451943,0.5529415712410621
4,850,0.5,0.1,0.4789508112600309,0.48642704085984445,0.24414812027148605,0.2766662438847403,0.5330526153524915
4,860,0.5,0.2,0.4171128914451533,0.609571616338289,0.36620224420078457,0.2063482062087642,0.44958618991961397
4,870,0.5,0.5,0.38181824347258786,0.5487152757678259,0.4460178868563898,0.23996094530307524,0.6478743916849701
4,880,0.5,0.4,0.5148658940876429,0.5565118102227573,0.17772700254051568,0.16477556368538748,0.6587261396359556
4,890,0.5,0.2,0.3203486403339133,0.5319480464257804,0.25840982176340704,0.2574769721968108,0.532815193266841
4,900,0.5,0.9,0.5132273439415431,0.6166969724591528,0.24525452070953796,0.24511063098873026,0.5353827838628891
4,910,0.5,0.2,0.4347735503213189,0.3941191230306453,0.21562939446733043,0.2658314615265628,0.6013455545234214
4,920,0.5,0.2,0.4862632095633378,0.3722286052781799,0.2685083591616243,0.2500240811508655,0.4303141553262365
4,930,0.5,0.3,0.3584909908685483,0.5545288785118616,0.20343289260595343,0.22872476095745453,0.3485865356244953
4,940,0.5,0.3,0.4173227324022615,0.5214162360176002,0.27561853870336994,0.2646663428892392,0.3728608278673704
4,950,0.5,0.5,0.4169714782467858,0.647483862925108,0.4403729956766753,0.19968199904893105,0.5519941836895489
4,960,0.5,0.3,0.4285895408015782,0.5334377994929895,0.3186254153377375,0.19197532008354082,0.46325733542237835
4,970,0.5,0.5,0.4380004748903955,0.4764199505653937,0.2500120627990196,0.25097931163351,0.4364706637770876
4,980,0.5,0.4,0.5572077609942865,0.5067849063015041,0.2752410523289708,0.21973011556678856,0.6759396101034378
4,990,0.5,0.5,0.49647938546085146,0.4872114339250001,0.33554715630644444,0.31830797750268663,0.4600520115314419
5,0,0.5,0.0,0.592336514215735,0.6511262022184287,0.3321535827077632,0.008585697818076499,0.3950796985851233
5,10,0.5,0.4,0.37675839541693684,0.3087620255555627,0.30685837860716697,0.16004083222232499,0.6213916185002031
5,20,0.5,0.3,0.45739905785665413,0.3988677844445929,0.2304406437617989,0.2533560521308991,0.551203058874173
5,30,0.5,0.5,0.43342590141995246,0.5986387530634895,0.3400959275035225,0.26503139998630587,0.50849431418856
5,40,0.5,0.6,0.4777589722686896,0.4627731938680997,0.45172737028441706,0.2738733243766237,0.41966924729965216
5,50,0.5,0.3,0.47492609292167887,0.4337060810313269,0.4298058101040872,0.18833362091216127,0.453223790445539
5,60,0.5,0.4,0.6336886961709757,0.4599216992171568,0.4568457814419887,0.28301286790002717,0.4772934491690638
5,70,0.5,0.1,0.3849311013768453,0.47400498922079254,0.37931648491348946,0.21791611284374665,0.4980351544502395
5,80,0.5,0.4,0.35605016807333156,0.26975979990518817,0.2826368779251257,0.3288661521605727,0.49284474396904665
5,90,0.5,0.4,0.2751967106834127,0.5731957115828487,0.3777782922474794,0.29493088700049025,0.4004804048752441
5,100,0.5,0.2,0.4646347832099825,0.5161758254994164,0.35296409334005674,0.20811119127663216,0.3614528149335785
5,110,0.5,0.5,0.44442163370848364,0.5081680826107127,0.3449954281639337,0.2227709328169944,0.5114072879779987
5,120,0.5,0.5,0.4794892268675296,0.40137331709172697,0.32050232726737726,0.1425610437886667,0.5568255260635202
5,130,0.5,0.2,0.6825115251842496,0.4619298592769557,0.3569718185785156,0.21399644045583255,0.48159094722562595
5,140,0.5,0.0,0.618578131494254,0.35079574827076876,0.3512447372486936,0.32521620377352073,0.4399064369785937
5,150,0.5,0.4,0.4555959866398503,0.38743530478149013,0.491596017816715,0.2633398625350808,0.4105458341696962
5,160,0.5,0.2,0.4839473149891066,0.46760696989899203,0.43444074124100523,0.2005450451190031,0.4917613876287856
5,170,0.5,0.3,0.5529397237767123,0.45982792252883675,0.324195455644967,0.26171864579023013,0.3714010896230294
5,180,0.5,0.2,0.3818592274618365,0.5048167807435482,0.3075502557572459,0.22652951026512963,0.2930812925669997
5,190,0.5,0.3,0.5155741590780376,0.57188444528855,0.4440564129898398,0.24485244218496166,0.5476443251002675
5,200,0.5,0.3,0.4831726823034739,0.39880495703186464,0.461167242479379,0.2845128554928018,0.4496921012688572
5,210,0.5,0.3,0.5566244651940964,0.5652722048149622,0.3660366554406927,0.2544274540090383,0.4550532591688493
5,220,0.5,0.2,0.46465798732255886,0.5120882729881322,0.42193175787628673,0.32128976607277204,0.3279916701588788
5,230,0.5,0.3,0.4307585207052826,0.4071206187878424,0.21282218770962053,0.24287914186348583,0.5241080141371047
5,240,0.5,0.2,0.3334872566794615,0.40352588047145843,0.4417456207190211,0.17316023277774295,0.3085236328966451
5,250,0.5,0.2,0.4803757657423482,0.46841032738934596,0.3215786841543199,0.23659657845530274,0.4509431237867144
5,260,0.5,0.3,0.18347096034266505,0.5158750887008358,0.32256278969449237,0.21059112765382526,0.4645854175428961
5,270,0.5,0.4,0.5057645153019299,0.44050301171106165,0.21426704182455003,0.2871201722719962,0.44169813903990757
5,280,0.5,0.4,0.5309672799641719,0.558469558701022,0.3480458276372913,0.20770917413135362,0.36416604217124254
5,290,0.5,0.3,0.4565830533598505,0.3255733154635509,0.2583307423644499,0.2359742656871362,0.4115077361746639
5,300,0.5,0.0,0.44447417236083214,0.48059939930953355,0.34465745934365477,0.1650085196598445,0.4733119131632265
5,310,0.5,0.2,0.387980142949239,0.4990342304825357,0.3309887687837808,0.27383329421657154,0.583717764573217
5,320,0.5,0.4,0.42718522266788883,0.41611638233838766,0.2917829945862335,0.3219146159391223,0.455549238689885
5,330,0.5,0.2,0.45328907027375287,0.4288308769165594,0.1942779663114905,0.20953012522483125,0.3392001461134784
5,340,0.5,0.3,0.47670287632142266,0.49663715611228615,0.39260307131559413,0.33032087187644027,0.6425754825790218
5,350,0.5,0.5,0.4324636171022241,0.5462318702124536,0.3193814966965803,0.25354428692186437,0.4199339834008257
5,360,0.5,0.3,0.4930132560750161,0.6082984771068164,0.48599216797653766,0.2759975383401972,0.5346071699782471
5,370,0.5,0.4,0.44589076620468726,0.4876073285049848,0.5666089771694158,0.27468792761532146,0.4599340620337357
5,380,0.5,0.4,0.3825289600622983,0.4769392591257441,0.4225220615812858,0.2996220226306444,0.4184634153169565
5,390,0.5,0.3,0.5228204932787246,0.48356575759309905,0.30372574743981184,0.21988258373851283,0.5254907279660481
5,400,0.5,0.7,0.4156776345964416,0.5562218965964912,0.31301670148835126,0.22365311987055128,0.5842016476197309
5,410,0.5,0.5,0.3427015568574591,0.42579763420695055,0.5897267080201751,0.22926945722322775,0.5561661026034836
5,420,0.5,0.4,0.27535849784428046,0.42459617082018886,0.31450020703851234,0.14108778781067016,0.5506335175403831
5,430,0.5,0.1,0.6609581842654432,0.4382523906055414,0.43763270780903146,0.31898525391714605,0.48898963972725207
5,440,0.5,0.4,0.5919093414192579,0.4838987982126094,0.35988016867523254,0.2550347932251846,0.4982502103312355
5,450,0.5,0.6,0.42352664034300175,0.5250479393411911,0.37903320349466674,0.26807295425621946,0.5316744150932389
5,460,0.5,0.4,0.39483108708604037,0.6585990714570006,0.3049046327801703,0.2407730422751882,0.5339155902670039
5,470,0.5,0.3,0.6966829385581053,0.42643172089601167,0.39812262608325366,0.2884359642022209,0.5775663257276338
5,480,0.5,0.2,0.4518216129051756,0.5520659012569118,0.4015985399144628,0.2952333761331455,0.29130701408162896
5,490,0.5,0.5,0.34718879798004637,0.5775978442991871,0.3014187118035244,0.29045942491917875,0.4885310632906781
5,500,0.5,0.3,0.6482516831394745,0.30297276448256094,0.35867149493630024,0.24967254696419588,0.44689276797292055
5,510,0.5,0.2,0.44054456804949016,0.6170223949948889,0.3564659987070025,0.24559690071640827,0.5144022378140001
5,520,0.5,0.1,0.3999372086836027,0.3771740029559286,0.400264175441335,0.25449526719060145,0.410928930344724
5,530,0.5,0.4,0.4837883995058494,0.5661866423123005,0.31554011795340375,0.2683681944416049,0.6139173511987046
5,540,0.5,0.3,0.45333483043011435,0.34233957756429767,0.37762338531833717,0.29376815411756035,0.5264822012336389
5,550,0.5,0.3,0.32670851107071897,0.5625962229696634,0.4027578253817176,0.253175640420271,0.423142692880808
5,560,0.5,0.4,0.5761507494433313,0.42291877379667336,0.4837296916915791,0.15101710601125715,0.4187376900611053
5,570,0.5,0.4,0.2554314443825288,0.38613015249528376,0.3418329026476547,0.2764384489646591,0.4534815650176841
5,580,0.5,0.5,0.4173604857229704,0.47775127518460464,0.2783017919809049,0.2526685699347473,0.5297748181173663
5,590,0.5,0.4,0.42788702176565546,0.33601644823171506,0.3771579635312371,0.21222459861344448,0.467606309063315
5,600,0.5,0.4,0.3794234675220682,0.3500507769521545,0.4147299346192034,0.24557600739495528,0.3528073711286105
5,610,0.5,0.2,0.490132883117176,0.3890968824087497,0.3182619998759027,0.2992055802723238,0.4575996779066666
5,620,0.5,0.3,0.5220696914338973,0.6445396475329794,0.38053155730895666,0.30073069743681047,0.32517717719526423
5,630,0.5,0.2,0.5070904497677782,0.458612300689734,0.45760680029148293,0.2938889820259941,0.5238886988587312
5,640,0.5,0.3,0.4264203488754508,0.47571588702138473,0.3314170107007275,0.23982382507235966,0.549856269097467
5,650,0.5,0.2,0.41598223974421966,0.495049094047907,0.4591058197905701,0.21500245928341957,0.5304793298176615
5,660,0.5,0.1,0.566453193106315,0.5852226221065266,0.3275865463840008,0.3055446665600417,0.4139928738479305
5,670,0.5,0.6,0.5086131603683814,0.36467026915934586,0.39695831455082137,0.17866300929342377,0.4740444721211997
5,680,0.5,0.2,0.504045635951297,0.6732874438086066,0.4977693010851305,0.17796789101386137,0.441567319468415
5,690,0.5,0.5,0.37101908081911,0.620469031151988,0.36288575056963623,0.2800745450939609,0.4456145019636913
5,700,0.5,0.6,0.48059127980583477,0.43571605215507303,0.29219944930093966,0.1945266314556715,0.4957898086187706
5,710,0.5,0.1,0.3879115288932734,0.6373405784409371,0.4195703652379611,0.24273312208257752,0.3965179998408762
5,720,0.5,0.4,0.48368296461437954,0.5326120484200924,0.3755385277943296,0.21178673969937867,0.53720258703618
5,730,0.5,0.2,0.40863502117329203,0.6127462683552417,0.25394290928643837,0.22177332691760493,0.3222968236044998
5,740,0.5,0.4,0.47188714422626177,0.4004108269268283,0.2515579352469281,0.29324385898699473,0.544963923800837
5,750,0.5,0.3,0.3456119703409701,0.43592867482834075,0.44743560025268436,0.29218147583085297,0.4371692933520383
5,760,0.5,0.1,0.6596161437678765,0.5787096085360075,0.22371619818129912,0.2896116142979899,0.4995373387298369
5,770,0.5,0.1,0.3778253441343019,0.5562929694375821,0.3982512681941593,0.391176874960182,0.38728371106228715
5,780,0.5,0.0,0.36660059895771224,0.5192628747730961,0.5695146413173827,0.2965545563473472,0.34534964403931806
5,790,0.5,0.2,0.5479015417799427,0.5312480641457371,0.5438299964942932,0.21547851206215946,0.5688827867357135
5,800,0.5,0.4,0.3229662015171583,0.4182193445661729,0.5185295184142431,0.2614718189175698,0.39714291476336105
5,810,0.5,0.5,0.42139220722083676,0.4294527917521819,0.31553114064272975,0.13361367712838873,0.2606250945629574
5,820,0.5,0.1,0.5979374383701674,0.4553502519403965,0.5629002826900015,0.314405936548928,0.36856753214218374
5,830,0.5,0.4,0.44477225186267927,0.4531251006304443,0.38519429398447064,0.3135057401642666,0.4787261294704628
5,840,0.5,0.7,0.6576753231095065,0.43991445039199606,0.2684711985619882,0.2786602471672869,0.3958036740322801
5,850,0.5,0.3,0.48969186376928475,0.4860538262075769,0.3369506013071692,0.281718021399663,0.37842569401055026
5,860,0.5,0.3,0.47024433617802214,0.5572215151350001,0.38743263867603284,0.29414652837573235,0.5411022380286485
5,870,0.5,0.2,0.37244582714543234,0.6101977969258968,0.3359700803063093,0.2729559234515039,0.4244381141903881
5,880,0.5,0.1,0.38443958643928167,0.5455881689160162,0.3334489020634853,0.2887127243727777,0.4651589958966338
5,890,0.5,0.3,0.5027978420697614,0.47293441448797935,0.4261052777438429,0.25620832939168486,0.5361237249064436
5,900,0.5,0.1,0.399446407472459,0.49272957232513004,0.42913855726980576,0.349870880324781,0.44396449929560644
5,910,0.5,0.5,0.6189954819867618,0.34224316709840025,0.21487842064671736,0.26725515407698236,0.5931310643544974
5,920,0.5,0.5,0.43021745099151554,0.475589222795317,0.2942734978200026,0.3357580565636327,0.409255766241478
5,930,0.5,0.2,0.4742698151458402,0.32202470551445284,0.30206731045764634,0.2954881467240881,0.4348802194797143
5,940,0.5,0.2,0.3552157514094107,0.3609479932525324,0.2742040356251544,0.30673079770725065,0.5152804355940086
5,950,0.5,0.4,0.5990929477112081,0.45477743508780916,0.45840187681740635,0.21809390579008986,0.5520915297016042
5,960,0.5,0.3,0.40863220953376356,0.47616627664336486,0.4067170075105519,0.22519836166395887,0.37931257000151747
5,970,0.5,0.5,0.5485608952176825,0.4777149420642348,0.2179591992892899,0.22921780284685916,0.44204031753547895
5,980,0.5,0.1,0.35116697425166155,0.566886777419104,0.4205290859513221,0.22705892954861812,0.46993554775713225
5,990,0.5,0.5,0.43144402288005496,0.536869769446492,0.480654011346951,0.16249935960263703,0.4706559070558102
